"state","county","pop"
1,1,59036
1,3,232141
1,5,22593
1,7,20059
1,9,58584
1,11,9188
1,13,20086
1,15,117398
1,17,33699
1,19,24056
1,21,44271
1,23,12925
1,25,25275
1,27,14282
1,29,14714
1,31,51589
1,33,58629
1,35,11622
1,37,9252
1,39,37170
1,41,14260
1,43,87180
1,45,45793
1,47,39092
1,49,71000
1,51,87516
1,53,35525
1,55,105965
1,57,16398
1,59,31724
1,61,25069
1,63,8140
1,65,15530
1,67,17413
1,69,108444
1,71,53321
1,73,705646
1,75,14152
1,77,94621
1,79,34323
1,81,151933
1,83,101661
1,85,11726
1,87,16948
1,89,412330
1,91,20769
1,93,27394
1,95,100615
1,97,425254
1,99,20688
1,101,232800
1,103,130947
1,105,9224
1,107,18924
1,109,29351
1,111,22612
1,113,53039
1,115,92573
1,117,235447
1,119,11528
1,121,79913
1,123,42797
1,125,200704
1,127,64108
1,129,16641
1,131,10832
1,133,22731
2,13,1724
2,16,4562
2,20,332968
2,50,16963
2,60,911
2,68,2477
2,70,5115
2,90,103676
2,100,2713
2,105,2214
2,110,37535
2,122,65732
2,130,15831
2,150,15581
2,158,7458
2,164,1574
2,170,111642
2,180,9077
2,185,7436
2,188,6236
2,195,4270
2,198,5127
2,220,9872
2,230,1496
2,240,8140
2,261,10962
2,275,2387
2,282,511
2,290,5486
4,1,65667
4,3,130074
4,5,136255
4,7,53004
4,9,31582
4,11,8897
4,12,15403
4,13,4645972
4,15,191263
4,17,104240
4,19,1092750
4,21,368668
4,23,56651
4,25,247465
4,27,230776
5,1,18913
5,3,20459
5,5,42610
5,7,293221
5,9,38673
5,11,11106
5,13,4779
5,15,29801
5,17,9584
5,19,19652
5,21,14779
5,23,25587
5,25,7936
5,27,22136
5,29,21008
5,31,105665
5,33,61287
5,35,50930
5,37,17834
5,39,6812
5,41,11947
5,43,17646
5,45,122198
5,47,17073
5,49,11117
5,51,103075
5,53,18602
5,55,43923
5,57,21526
5,59,30717
5,61,13889
5,63,37615
5,65,11802
5,67,13722
5,69,68500
5,71,25489
5,73,6128
5,75,15241
5,77,6838
5,79,9887
5,81,12222
5,83,21209
5,85,75897
5,87,16704
5,89,15488
5,91,41980
5,93,41314
5,95,6908
5,97,7824
5,99,8209
5,101,7282
5,103,23710
5,105,9791
5,107,17260
5,109,10506
5,111,22320
5,113,19272
5,115,63990
5,117,8300
5,119,420407
5,121,17606
5,123,21093
5,125,128261
5,127,10124
5,129,7405
5,131,131190
5,133,16509
5,135,15417
5,137,11731
5,139,43287
5,141,15782
5,143,237659
5,145,76503
5,147,6237
5,149,21098
6,1,1919855
6,3,963
6,5,40345
6,7,222892
6,9,47819
6,11,28249
6,13,1367748
6,15,24185
6,17,219844
6,19,1076084
6,21,32981
6,23,130975
6,25,223163
6,27,19892
6,29,932629
6,31,147959
6,33,60717
6,35,24229
6,37,11475829
6,39,164563
6,41,314360
6,43,17470
6,45,94214
6,47,289020
6,49,8284
6,51,14809
6,53,526437
6,55,169714
6,57,114599
6,59,3782093
6,61,455017
6,63,20691
6,65,2571132
6,67,1718260
6,69,74220
6,71,2315275
6,73,3890271
6,75,1018709
6,77,833643
6,79,313538
6,81,939531
6,83,509926
6,85,2361082
6,87,317312
6,89,187037
6,91,2892
6,93,45983
6,95,507098
6,97,592048
6,99,605992
6,101,106484
6,103,64251
6,105,10413
6,107,507532
6,109,57262
6,111,1027743
6,113,221759
6,115,74804
8,1,548252
8,3,15639
8,5,712195
8,7,14620
8,9,3783
8,11,3830
8,13,357210
8,14,74674
8,15,21294
8,17,2087
8,19,9789
8,21,8089
8,23,3233
8,25,2732
8,27,4901
8,29,32208
8,31,726618
8,33,1977
8,35,395829
8,37,65194
8,39,28977
8,41,771762
8,43,42818
8,45,66077
8,47,5931
8,49,16258
8,51,17013
8,53,886
8,55,5979
8,57,1487
8,59,664628
8,61,1466
8,63,8274
8,65,7384
8,67,61063
8,69,383789
8,71,13846
8,73,5060
8,75,20378
8,77,166599
8,79,922
8,81,14100
8,83,28106
8,85,46424
8,87,32832
8,89,19137
8,91,5533
8,93,16961
8,95,5165
8,97,20545
8,99,12561
8,101,171837
8,103,6876
8,105,14067
8,107,29147
8,109,4250
8,111,705
8,113,9111
8,115,2503
8,117,35552
8,119,27454
8,121,4949
8,123,334448
8,125,11243
9,1,1115722
9,3,1067354
9,5,221778
9,7,195782
9,9,979702
9,11,316443
9,13,163056
9,15,130956
10,1,193886
10,3,638659
10,5,257272
11,1,699885
12,1,251610
12,3,26851
12,5,190768
12,7,24440
12,9,660735
12,11,2130444
12,13,11805
12,15,186525
12,17,152084
12,19,235571
12,21,419445
12,23,65860
12,27,30351
12,29,12328
12,31,1029999
12,33,326092
12,35,121009
12,37,10206
12,39,47627
12,41,16105
12,43,9033
12,45,12867
12,47,11415
12,49,25766
12,51,39606
12,53,190532
12,55,99280
12,57,1518930
12,59,16363
12,61,172548
12,63,43833
12,65,13768
12,67,6266
12,69,380481
12,71,788157
12,73,275860
12,75,40038
12,77,6497
12,79,17227
12,81,410537
12,83,374956
12,85,172563
12,86,3000297
12,87,86218
12,89,95048
12,91,230326
12,93,37060
12,95,1445363
12,97,377904
12,99,1622159
12,101,542215
12,103,1040588
12,105,714681
12,107,68580
12,109,275874
12,111,335140
12,113,185431
12,115,461630
12,117,502728
12,119,134888
12,121,40040
12,123,19581
12,125,11364
12,127,572829
12,129,32070
12,131,69642
12,133,22108
13,1,18199
13,3,7744
13,5,10573
13,7,2811
13,9,39197
13,11,17552
13,13,82418
13,15,109140
13,17,16125
13,19,16585
13,21,153752
13,23,11918
13,25,16561
13,27,14721
13,29,41996
13,31,62393
13,33,23191
13,35,22472
13,37,4772
13,39,52809
13,43,10070
13,45,114923
13,47,66427
13,49,8761
13,51,278580
13,53,5869
13,55,23346
13,57,277954
13,59,101392
13,61,2791
13,63,277694
13,65,6263
13,67,808572
13,69,39769
13,71,44176
13,73,160516
13,75,15737
13,77,156713
13,79,11958
13,81,19989
13,83,14970
13,85,24597
13,87,26644
13,89,750137
13,91,18122
13,93,9297
13,95,83505
13,97,143003
13,99,10078
13,101,3355
13,103,64030
13,105,20417
13,107,22351
13,109,10337
13,111,25479
13,113,130628
13,115,100087
13,117,262167
13,119,22362
13,121,1090680
13,123,30612
13,125,2663
13,127,85820
13,129,59153
13,131,24639
13,133,19032
13,135,998069
13,137,45407
13,139,220247
13,141,7292
13,143,28762
13,145,35828
13,147,25769
13,149,10411
13,151,238412
13,153,169347
13,155,8783
13,157,73517
13,159,14186
13,161,13925
13,163,17105
13,165,7234
13,167,7424
13,169,29753
13,171,17204
13,173,8101
13,175,50248
13,177,33570
13,179,57125
13,181,8049
13,183,12961
13,185,107422
13,187,28608
13,189,22938
13,191,10924
13,193,10656
13,195,30240
13,197,6759
13,199,20774
13,201,5208
13,205,20495
13,207,28093
13,209,7551
13,211,20813
13,213,39350
13,215,195582
13,217,110077
13,219,45020
13,221,14561
13,223,167053
13,225,25825
13,227,35627
13,229,19208
13,231,19381
13,233,41952
13,235,8558
13,237,22154
13,239,1974
13,241,17714
13,243,6283
13,245,192088
13,247,88735
13,249,4536
13,251,13439
13,253,8001
13,255,64936
13,257,25735
13,259,3751
13,261,28904
13,263,5968
13,265,1502
13,267,19552
13,269,7924
13,271,9425
13,273,9316
13,275,46001
13,277,41720
13,279,26612
13,281,12067
13,283,5875
13,285,70097
13,287,8524
13,289,8215
13,291,24751
13,293,26458
13,295,63446
13,297,96970
13,299,33285
13,301,5391
13,303,20167
13,305,27191
13,307,2257
13,309,4610
13,311,27567
13,313,114496
13,315,6713
13,317,10074
13,319,9374
13,321,20374
15,1,213174
15,3,1154106
15,7,84943
15,9,191812
16,1,524336
16,3,4254
16,5,88984
16,7,6948
16,9,9926
16,11,51682
16,13,29100
16,15,7611
16,17,48672
16,19,131185
16,21,13432
16,23,2686
16,25,1180
16,27,229750
16,29,7941
16,31,26950
16,33,851
16,35,8328
16,37,4675
16,39,28265
16,41,15786
16,43,14770
16,45,19032
16,47,16439
16,49,16057
16,51,32074
16,53,25503
16,55,184205
16,57,37453
16,59,8679
16,61,4180
16,63,5350
16,65,32228
16,67,23728
16,69,44225
16,71,4956
16,73,12001
16,75,25767
16,77,8852
16,79,12795
16,81,12241
16,83,95239
16,85,12333
16,87,10673
17,1,78941
17,3,5842
17,5,17281
17,7,64898
17,9,5670
17,11,40765
17,13,5590
17,15,18176
17,17,15470
17,19,203945
17,21,37660
17,23,18623
17,25,15707
17,27,44029
17,29,49851
17,31,6130433
17,33,21638
17,35,12422
17,37,110777
17,39,18559
17,41,25204
17,43,1162807
17,45,19974
17,47,7409
17,49,43657
17,51,22795
17,53,15932
17,55,41124
17,57,38586
17,59,5645
17,61,14348
17,63,62373
17,65,9132
17,67,21394
17,69,3935
17,71,7877
17,73,60321
17,75,33490
17,77,50811
17,79,12085
17,81,41398
17,83,25140
17,85,28281
17,87,12454
17,89,634679
17,91,124795
17,93,150933
17,95,55721
17,97,869884
17,99,131936
17,101,15486
17,103,39028
17,105,41678
17,107,30696
17,109,28012
17,111,388854
17,113,190378
17,115,118280
17,117,52407
17,119,308020
17,121,43582
17,123,14205
17,125,15533
17,127,15800
17,129,15036
17,131,19502
17,133,44210
17,135,31339
17,137,37474
17,139,17011
17,141,62895
17,143,211044
17,145,21942
17,147,19920
17,149,17690
17,151,3896
17,153,5759
17,155,7149
17,157,33876
17,159,18557
17,161,168423
17,163,292831
17,165,25862
17,167,239044
17,169,7691
17,171,5977
17,173,25598
17,175,6587
17,177,54101
17,179,159515
17,181,19245
17,183,82669
17,185,13142
17,187,19550
17,189,17278
17,191,19075
17,193,15722
17,195,68637
17,197,843205
17,199,73918
17,201,332795
17,203,46994
18,1,43667
18,3,445785
18,5,98173
18,7,10212
18,9,13760
18,11,79955
18,13,18137
18,15,23945
18,17,44645
18,19,135061
18,21,29837
18,23,39098
18,25,11221
18,27,38897
18,29,60504
18,31,31769
18,33,51262
18,35,113222
18,37,55329
18,39,243877
18,41,24985
18,43,90049
18,45,19208
18,47,27464
18,49,23598
18,51,39783
18,53,71378
18,55,35602
18,57,396043
18,59,90719
18,61,45952
18,63,196231
18,65,53114
18,67,97696
18,69,43618
18,71,54291
18,73,38793
18,75,24448
18,77,35649
18,79,31737
18,81,180619
18,83,39966
18,85,96063
18,87,47687
18,89,555585
18,91,124789
18,93,52500
18,95,142987
18,97,1058059
18,99,55566
18,101,11729
18,103,37825
18,105,127381
18,107,44677
18,109,82859
18,111,16334
18,113,55889
18,115,6646
18,117,21402
18,119,23333
18,121,17608
18,123,21079
18,125,14148
18,127,201173
18,129,30545
18,131,14306
18,133,38971
18,135,28938
18,137,33707
18,139,19454
18,141,304938
18,143,25411
18,145,52434
18,147,24182
18,149,25599
18,151,38993
18,153,21628
18,155,10415
18,157,181747
18,159,18312
18,161,8071
18,163,201008
18,165,17920
18,167,109600
18,169,36948
18,171,9963
18,173,75167
18,175,31083
18,177,74003
18,179,33822
18,181,29146
18,183,41484
19,1,8536
19,3,4502
19,5,17251
19,7,13650
19,9,6722
19,11,30973
19,13,142926
19,15,31333
19,17,28978
19,19,24697
19,21,24560
19,23,17771
19,25,11445
19,27,25687
19,29,15772
19,31,22259
19,33,49661
19,35,14299
19,37,14834
19,39,11018
19,41,19670
19,43,21377
19,45,54788
19,47,20855
19,49,104125
19,51,10117
19,53,7778
19,55,21600
19,57,45972
19,59,21428
19,61,117527
19,63,10863
19,65,22222
19,67,18493
19,69,11721
19,71,7997
19,73,10639
19,75,15035
19,77,12773
19,79,17866
19,81,13165
19,83,19585
19,85,16912
19,87,22095
19,89,11611
19,91,11495
19,93,8397
19,95,20367
19,97,23916
19,99,42273
19,101,17273
19,103,152469
19,105,23072
19,107,11599
19,109,18615
19,111,38424
19,113,265949
19,115,12955
19,117,10052
19,119,14777
19,121,18822
19,123,24539
19,125,38963
19,127,46871
19,129,17358
19,131,12582
19,133,10203
19,135,8651
19,137,11528
19,139,51517
19,141,17048
19,143,7472
19,145,16016
19,147,10575
19,149,31418
19,151,8255
19,153,564960
19,155,104634
19,157,20306
19,159,5303
19,161,12058
19,163,201396
19,165,14471
19,167,41530
19,169,86702
19,171,20641
19,173,6988
19,175,13652
19,177,8129
19,179,37935
19,181,59957
19,183,27193
19,185,7335
19,187,39450
19,189,12490
19,191,24019
19,193,116813
19,195,8990
19,197,14862
20,1,14393
20,3,8744
20,5,16814
20,7,5216
20,9,29856
20,11,15805
20,13,11159
20,15,73594
20,17,2975
20,19,3469
20,21,20818
20,23,3045
20,25,2297
20,27,9801
20,29,9907
20,31,10058
20,33,2064
20,35,37422
20,37,38516
20,39,3325
20,41,21895
20,43,8309
20,45,115490
20,47,3493
20,49,2715
20,51,31507
20,53,6567
20,55,45945
20,57,40501
20,59,29146
20,61,35781
20,63,3346
20,65,3023
20,67,8731
20,69,7225
20,71,1567
20,73,6794
20,75,2812
20,77,6421
20,79,39336
20,81,4677
20,83,2150
20,85,15612
20,87,21530
20,89,3623
20,91,720039
20,93,4755
20,95,8684
20,97,2670
20,99,22733
20,101,2033
20,103,81447
20,105,3570
20,107,10733
20,109,3442
20,111,35811
20,113,34901
20,115,13621
20,117,12706
20,119,4855
20,121,38310
20,123,7442
20,125,33164
20,127,6434
20,129,3337
20,131,13046
20,133,17737
20,135,3433
20,137,5681
20,139,18332
20,141,4390
20,143,6865
20,145,6733
20,147,6549
20,149,28678
20,151,10495
20,153,3141
20,155,68917
20,157,5849
20,159,10316
20,161,53790
20,163,5869
20,165,3675
20,167,7835
20,169,63416
20,171,6061
20,173,587218
20,175,26198
20,177,204311
20,179,3241
20,181,6548
20,183,4641
20,185,4816
20,187,2467
20,189,6096
20,191,25743
20,193,9001
20,195,3565
20,197,8150
20,199,1869
20,201,7199
20,203,2750
20,205,9648
20,207,3573
20,209,168982
21,1,17592
21,3,20060
21,5,26559
21,7,8500
21,9,46844
21,11,12109
21,13,21984
21,15,149671
21,17,21753
21,19,47489
21,21,29376
21,23,9280
21,25,11775
21,27,20800
21,29,91636
21,31,13343
21,33,13461
21,35,35445
21,37,101629
21,39,5442
21,41,11465
21,43,27058
21,45,15342
21,47,67363
21,49,38664
21,51,16677
21,53,9635
21,55,9150
21,57,6579
21,59,113927
21,61,12187
21,63,5849
21,65,13907
21,67,330058
21,69,15955
21,71,32753
21,73,57961
21,75,5525
21,77,8817
21,79,17228
21,81,25834
21,83,39401
21,85,26892
21,87,11326
21,89,37964
21,91,9899
21,93,117493
21,95,23827
21,97,19734
21,99,19682
21,101,49404
21,103,17311
21,105,4573
21,107,48394
21,109,12052
21,111,870209
21,113,55060
21,115,20819
21,117,184769
21,119,12702
21,121,28233
21,123,15436
21,125,60761
21,127,14746
21,129,5489
21,131,9354
21,133,19231
21,135,12960
21,137,24228
21,139,9541
21,141,29419
21,143,7506
21,145,73098
21,147,13143
21,149,10037
21,151,87561
21,153,10756
21,155,21183
21,157,34909
21,159,8439
21,161,18317
21,163,31542
21,165,5825
21,167,24331
21,169,10260
21,171,11199
21,173,28983
21,175,11311
21,177,31503
21,179,54058
21,181,7754
21,183,25391
21,185,73269
21,187,11016
21,189,3507
21,191,15607
21,193,25673
21,195,51432
21,197,12374
21,199,65696
21,201,2163
21,203,15459
21,205,20884
21,207,17872
21,209,60578
21,211,51862
21,213,19905
21,215,21229
21,217,25706
21,219,12835
21,221,14981
21,223,9046
21,225,14640
21,227,131234
21,229,13283
21,231,19282
21,233,13620
21,235,33254
21,237,6187
21,239,30738
22,1,63759
22,3,22007
22,5,133453
22,7,23669
22,9,40983
22,11,35744
22,13,13500
22,15,130758
22,17,256561
22,19,216315
22,21,9500
22,23,7633
22,25,8851
22,27,13192
22,29,18271
22,31,29481
22,33,451976
22,35,6390
22,37,19347
22,39,33175
22,41,20046
22,43,19829
22,45,76961
22,47,31937
22,49,15297
22,51,466480
22,53,33543
22,55,256352
22,57,103446
22,59,13847
22,61,41873
22,63,139067
22,65,10050
22,67,26716
22,69,37399
22,71,343532
22,73,161372
22,75,24415
22,77,23990
22,79,139524
22,81,8380
22,83,20337
22,85,23122
22,87,40588
22,89,59124
22,91,12770
22,93,24452
22,95,45969
22,97,90693
22,99,57756
22,101,53852
22,103,280433
22,105,127319
22,107,4163
22,109,117662
22,111,21959
22,113,63286
22,115,46353
22,117,42105
22,119,39044
22,121,28476
22,123,10808
22,125,11390
22,127,12454
23,1,117999
23,3,73947
23,5,354286
23,7,31057
23,9,63609
23,11,138757
23,13,47118
23,15,41312
23,17,61708
23,19,162326
23,21,17421
23,23,42762
23,25,53033
23,27,43851
23,29,33612
23,31,248453
24,1,69840
24,3,670602
24,5,953643
24,9,109568
24,11,37423
24,13,209509
24,15,113583
24,17,186592
24,19,36018
24,21,307772
24,23,33698
24,25,307367
24,27,382054
24,29,21325
24,31,1261534
24,33,1045366
24,35,59188
24,37,129459
24,39,20949
24,41,44389
24,43,168326
24,45,106987
24,47,61894
24,510,541818
25,1,281672
25,3,149935
25,5,656030
25,7,23982
25,9,946299
25,11,82833
25,13,529321
25,15,166588
25,17,1880285
25,19,15625
25,21,839159
25,23,626381
25,25,781994
25,27,976230
26,1,11267
26,3,9805
26,5,139722
26,7,33742
26,9,26971
26,11,17023
26,13,8283
26,15,71380
26,17,126406
26,19,20910
26,21,176249
26,23,46941
26,25,146855
26,27,56625
26,29,31707
26,31,29686
26,33,38061
26,35,31255
26,37,91642
26,39,14277
26,41,43032
26,43,31336
26,45,126379
26,47,40943
26,49,456066
26,51,27461
26,53,15645
26,55,113070
26,57,41972
26,59,49463
26,61,36401
26,63,39950
26,65,285387
26,67,69114
26,69,27792
26,71,13078
26,73,61439
26,75,172932
26,77,288006
26,79,19560
26,81,761712
26,83,2449
26,85,10580
26,87,104633
26,89,27412
26,91,112239
26,93,235128
26,95,6024
26,97,13284
26,99,1057805
26,101,27197
26,103,73132
26,105,34068
26,107,40507
26,109,26622
26,111,98877
26,113,16608
26,115,181016
26,117,68097
26,119,10145
26,121,192409
26,123,53796
26,125,1512456
26,127,30077
26,129,22409
26,131,6372
26,133,24813
26,135,8591
26,137,29315
26,139,338781
26,141,15293
26,143,25435
26,145,216185
26,147,190799
26,149,70068
26,151,47445
26,153,9344
26,155,80379
26,157,62449
26,159,85369
26,161,382910
26,163,1889467
26,165,37116
27,1,17358
27,3,427843
27,5,39752
27,7,48083
27,9,45952
27,11,6134
27,13,70265
27,15,32420
27,17,40021
27,19,127235
27,21,33948
27,23,14685
27,25,66252
27,27,69804
27,29,9572
27,31,6834
27,33,13986
27,35,75586
27,37,529270
27,39,25721
27,41,47047
27,43,16817
27,45,25349
27,47,36832
27,49,57784
27,51,7273
27,53,1496283
27,55,23758
27,57,23778
27,59,46256
27,61,51352
27,63,12589
27,65,17770
27,67,53417
27,69,5412
27,71,14043
27,73,8373
27,75,12542
27,77,4657
27,79,34839
27,81,6915
27,83,29898
27,85,45370
27,87,5664
27,89,11419
27,91,25073
27,93,27970
27,95,28846
27,97,39902
27,99,47528
27,101,10396
27,103,38326
27,105,26519
27,107,7881
27,109,193429
27,111,71803
27,113,16604
27,115,30429
27,117,11444
27,119,36162
27,121,13820
27,123,616889
27,125,4770
27,127,18742
27,129,18125
27,131,73721
27,133,11744
27,135,19120
27,137,221796
27,139,177690
27,141,111272
27,143,18563
27,145,180492
27,147,46454
27,149,11600
27,151,11258
27,153,27971
27,155,3997
27,157,26940
27,159,15370
27,161,22240
27,163,318615
27,165,13179
27,167,7947
27,169,54272
27,171,164399
27,173,11933
28,1,29095
28,3,34955
28,5,12108
28,7,19318
28,9,7803
28,11,33061
28,13,15069
28,15,10524
28,17,18452
28,19,8474
28,21,8465
28,23,16669
28,25,20469
28,27,23585
28,29,29177
28,31,19933
28,33,200765
28,35,70670
28,37,8143
28,39,23875
28,41,11267
28,43,23289
28,45,43459
28,47,204372
28,49,246101
28,51,18180
28,53,8397
28,55,1025
28,57,23695
28,59,149418
28,61,17528
28,63,7624
28,65,11570
28,67,69356
28,69,9086
28,71,46973
28,73,59598
28,75,77109
28,77,12556
28,79,21835
28,81,92812
28,83,29459
28,85,36150
28,87,60815
28,89,121681
28,91,24813
28,93,35886
28,95,37697
28,97,10642
28,99,30419
28,101,23096
28,103,11332
28,105,41457
28,107,36550
28,109,53916
28,111,11590
28,113,40617
28,115,33732
28,117,24569
28,119,6860
28,121,163779
28,123,30579
28,125,4596
28,127,25890
28,129,15685
28,131,16726
28,133,23771
28,135,12410
28,137,29538
28,139,23210
28,141,19240
28,143,11259
28,145,29803
28,147,14046
28,149,51252
28,151,48746
28,153,21607
28,155,10265
28,157,8606
28,159,18891
28,161,13014
28,163,24023
29,1,22839
29,3,20711
29,5,6261
29,7,26602
29,9,35567
29,11,13055
29,13,17459
29,15,19359
29,17,12324
29,19,180802
29,21,91790
29,23,42632
29,25,9801
29,27,47613
29,29,46912
29,31,85175
29,33,10079
29,35,5937
29,37,120233
29,39,14222
29,41,8761
29,43,94288
29,45,7227
29,47,281863
29,49,23224
29,51,88690
29,53,18144
29,55,24789
29,57,7815
29,59,16684
29,61,9331
29,63,10085
29,65,15037
29,67,12806
29,69,27457
29,71,123499
29,73,17236
29,75,7243
29,77,303821
29,79,10570
29,81,9143
29,83,23009
29,85,8568
29,87,5332
29,89,10817
29,91,40649
29,93,9543
29,95,758942
29,97,124736
29,99,261444
29,101,52739
29,103,4386
29,105,37983
29,107,36722
29,109,40667
29,111,10338
29,113,64418
29,115,13642
29,117,15445
29,119,22777
29,121,17788
29,123,12474
29,125,9220
29,127,31129
29,129,4004
29,131,25549
29,133,11514
29,135,17356
29,137,9572
29,139,12616
29,141,20980
29,143,16709
29,145,60169
29,147,21020
29,149,9813
29,151,15762
29,153,8882
29,155,15305
29,157,22640
29,159,46680
29,161,42326
29,163,18549
29,165,114527
29,167,31530
29,169,42099
29,171,5124
29,173,11660
29,175,25527
29,177,26033
29,179,6093
29,181,12751
29,183,480084
29,185,8994
29,186,20689
29,187,63992
29,189,1181970
29,195,24023
29,197,4487
29,199,5326
29,201,41468
29,203,7679
29,205,7285
29,207,30350
29,209,32754
29,211,6653
29,213,56371
29,215,23811
29,217,20772
29,219,38331
29,221,22643
29,223,11475
29,225,40974
29,227,2283
29,229,18133
29,510,285008
30,1,10163
30,3,12199
30,5,6648
30,7,6440
30,9,12022
30,11,1514
30,13,93337
30,15,5486
30,17,13033
30,19,2161
30,21,9908
30,23,9306
30,25,3623
30,27,13122
30,29,119215
30,31,124168
30,33,1338
30,35,12783
30,37,1035
30,39,3267
30,41,18203
30,43,13663
30,45,2236
30,47,31045
30,49,80695
30,51,2269
30,53,19838
30,55,2223
30,57,9201
30,59,1852
30,61,4367
30,63,128395
30,65,4645
30,67,19715
30,69,489
30,71,4841
30,73,6758
30,75,1950
30,77,6065
30,79,1270
30,81,48267
30,83,13392
30,85,10389
30,87,9875
30,89,12260
30,91,4477
30,93,37289
30,95,10797
30,97,4211
30,99,7348
30,101,4951
30,103,848
30,105,8714
30,107,1906
30,109,1132
30,111,185755
31,1,35847
31,3,7740
31,5,511
31,7,769
31,9,554
31,11,6843
31,13,12973
31,15,2292
31,17,3364
31,19,55179
31,21,8083
31,23,10069
31,25,31760
31,27,10742
31,29,4700
31,31,6817
31,33,10686
31,35,7427
31,37,13511
31,39,11367
31,41,13191
31,43,25213
31,45,8502
31,47,29618
31,49,2040
31,51,7133
31,53,42896
31,55,660916
31,57,2012
31,59,7071
31,61,3523
31,63,2903
31,65,5630
31,67,25705
31,69,2113
31,71,2067
31,73,2309
31,75,870
31,77,2796
31,79,73726
31,81,11743
31,83,3825
31,85,1025
31,87,3130
31,89,13030
31,91,888
31,93,7802
31,95,8472
31,97,5168
31,99,7833
31,101,9514
31,103,949
31,105,3773
31,107,10091
31,109,356249
31,111,41102
31,113,857
31,115,679
31,117,543
31,119,41389
31,121,9045
31,123,5273
31,125,4059
31,127,7554
31,129,5149
31,131,18994
31,133,3103
31,135,3582
31,137,10890
31,139,8944
31,141,42817
31,143,6463
31,145,12119
31,147,9377
31,149,1538
31,151,16727
31,153,215195
31,155,25743
31,157,40727
31,159,20072
31,161,5790
31,163,3618
31,165,1284
31,167,6950
31,169,6302
31,171,780
31,173,7453
31,175,5073
31,177,25145
31,179,9450
31,181,3960
31,183,961
31,185,16323
32,1,26522
32,3,2461219
32,5,60340
32,7,59719
32,9,832
32,11,1839
32,13,19412
32,15,6127
32,17,4511
32,19,61737
32,21,4359
32,23,42763
32,27,4898
32,29,4252
32,31,536355
32,33,9340
32,510,62772
33,1,75551
33,3,59517
33,5,87360
33,7,34358
33,9,100026
33,11,502009
33,13,175991
33,15,391107
33,17,142957
33,19,50101
34,1,318211
34,3,1148364
34,5,539842
34,7,587578
34,9,113249
34,11,165512
34,13,881057
34,15,345388
34,17,750012
34,19,158071
34,21,420370
34,23,1005942
34,25,775695
34,27,622637
34,29,719739
34,31,610306
34,33,73406
34,35,412568
34,37,175005
34,39,660323
34,41,128705
35,1,729844
35,3,3109
35,5,64721
35,6,23051
35,7,12321
35,9,49483
35,11,1941
35,13,227082
35,15,60006
35,17,28935
35,19,4144
35,21,706
35,23,4495
35,25,74181
35,27,20421
35,28,23342
35,29,26566
35,31,81124
35,33,4604
35,35,62963
35,37,8368
35,39,39318
35,41,18029
35,43,157381
35,45,124350
35,47,26103
35,49,173112
35,51,10759
35,53,16090
35,55,34288
35,57,13642
35,59,3835
35,61,76179
36,1,350514
36,3,47015
36,5,1539799
36,7,211481
36,9,83407
36,11,85265
36,13,139045
36,15,94856
36,17,55137
36,19,89527
36,21,70040
36,23,49300
36,25,46923
36,27,340560
36,29,1077593
36,31,41406
36,33,50418
36,35,59921
36,37,68203
36,39,51584
36,41,5858
36,43,68610
36,45,119008
36,47,2889938
36,49,30538
36,51,68083
36,53,76135
36,55,875882
36,57,55049
36,59,1761025
36,61,1806166
36,63,249439
36,65,258631
36,67,538326
36,69,131135
36,71,454191
36,73,44639
36,75,129875
36,77,63065
36,79,119901
36,81,2742716
36,83,181428
36,85,562344
36,87,391743
36,89,108999
36,91,281387
36,93,181087
36,95,33383
36,97,20746
36,99,37200
36,101,108843
36,103,1901136
36,105,80484
36,107,57575
36,109,93532
36,111,202323
36,113,77496
36,115,67953
36,117,108790
36,119,1181743
36,121,44559
36,123,27753
37,1,177005
37,3,38513
37,5,11491
37,7,23275
37,9,27956
37,11,16772
37,13,50035
37,15,18619
37,17,30309
37,19,139571
37,21,288251
37,23,92352
37,25,230882
37,27,84315
37,29,11407
37,31,74198
37,33,22488
37,35,177592
37,37,84334
37,39,27786
37,41,15194
37,43,11071
37,45,102807
37,47,51551
37,49,107306
37,51,323204
37,53,28976
37,55,44062
37,57,182525
37,59,47847
37,61,54774
37,63,322830
37,65,51854
37,67,410509
37,69,67057
37,71,235538
37,73,11372
37,75,8719
37,77,62359
37,79,18869
37,81,568201
37,83,51157
37,85,125668
37,87,66750
37,89,128552
37,91,20049
37,93,48434
37,95,4920
37,97,198475
37,99,35936
37,101,212926
37,103,9830
37,105,64402
37,107,57256
37,109,91857
37,111,46260
37,113,37830
37,115,21330
37,117,24302
37,119,1160869
37,121,15303
37,123,27771
37,125,107660
37,127,103842
37,129,225081
37,131,18492
37,133,179902
37,135,143512
37,137,12678
37,139,41329
37,141,59788
37,143,13773
37,145,42441
37,147,169489
37,149,21234
37,151,157463
37,153,44841
37,155,121830
37,157,97898
37,159,152767
37,161,65301
37,163,66281
37,165,32984
37,167,65695
37,169,48730
37,171,76563
37,173,18538
37,175,34635
37,177,3978
37,179,259890
37,181,45240
37,183,1221558
37,185,18297
37,187,12123
37,189,43793
37,191,124952
37,193,70395
37,195,87020
37,197,40913
37,199,18553
38,1,2840
38,3,12455
38,5,6490
38,7,1133
38,9,7914
38,11,3769
38,13,2816
38,15,112150
38,17,205085
38,19,4958
38,21,6057
38,23,2751
38,25,4720
38,27,2743
38,29,4160
38,31,4123
38,33,2059
38,35,74735
38,37,2834
38,39,2835
38,41,2943
38,43,2972
38,45,5011
38,47,2360
38,49,6882
38,51,3292
38,53,11373
38,55,11670
38,57,10278
38,59,36627
38,61,10404
38,63,3618
38,65,2299
38,67,8586
38,69,4987
38,71,13645
38,73,6560
38,75,3017
38,77,19033
38,79,13832
38,81,4912
38,83,1503
38,85,3377
38,87,849
38,89,36459
38,91,2342
38,93,24342
38,95,2798
38,97,9342
38,99,13031
38,101,77127
38,103,5056
38,105,38986
39,1,27884
39,3,114783
39,5,60173
39,7,108672
39,9,50091
39,11,57263
39,13,74143
39,15,47044
39,17,424631
39,19,30894
39,21,44838
39,23,152005
39,25,237970
39,27,46815
39,29,114405
39,31,40913
39,33,48346
39,35,1428270
39,37,62581
39,39,46358
39,41,243620
39,43,90611
39,45,175207
39,47,31681
39,49,1456873
39,51,52427
39,53,30207
39,55,117443
39,57,181501
39,59,43541
39,61,934906
39,63,89438
39,65,32102
39,67,16150
39,69,34459
39,71,45353
39,73,30386
39,75,48843
39,77,69654
39,79,34233
39,81,72225
39,83,68453
39,85,289813
39,87,63432
39,89,201585
39,91,54081
39,93,361728
39,95,472935
39,97,45942
39,99,260867
39,101,67833
39,103,224509
39,105,23373
39,107,53042
39,109,126802
39,111,15635
39,113,596716
39,115,14955
39,117,38685
39,119,97282
39,121,13655
39,123,50304
39,125,22405
39,127,37785
39,129,60747
39,131,28368
39,133,174058
39,135,47562
39,137,43928
39,139,138001
39,141,79160
39,143,70976
39,145,73781
39,147,63725
39,149,58622
39,151,441919
39,153,629926
39,155,234978
39,157,110442
39,159,67037
39,161,34553
39,163,12831
39,165,274295
39,167,70176
39,169,136760
39,171,44468
39,173,143421
39,175,26975
40,1,20652
40,3,5016
40,5,12843
40,7,5790
40,9,20643
40,11,9642
40,13,42741
40,15,26850
40,17,154520
40,19,50302
40,21,43415
40,23,13615
40,25,2726
40,27,288214
40,29,5013
40,31,112043
40,33,5802
40,35,12991
40,37,72091
40,39,27993
40,41,37988
40,43,5186
40,45,4074
40,47,65465
40,49,26836
40,51,53959
40,53,4643
40,55,4475
40,57,2452
40,59,4011
40,61,11737
40,63,11442
40,65,25372
40,67,5238
40,69,10017
40,71,45326
40,73,17669
40,75,8343
40,77,9952
40,79,45869
40,81,34097
40,83,48557
40,85,10272
40,87,43303
40,89,31561
40,91,17380
40,93,8661
40,95,15485
40,97,40116
40,99,14088
40,101,65234
40,103,11646
40,105,10401
40,107,10232
40,109,810171
40,111,36210
40,113,42932
40,115,30673
40,117,15466
40,119,68586
40,121,43402
40,123,39034
40,125,70521
40,127,10366
40,129,3832
40,131,100204
40,133,22479
40,135,39477
40,137,43789
40,139,24590
40,141,7029
40,143,692256
40,145,80455
40,147,55643
40,149,10824
40,151,8664
40,153,21233
41,1,17045
41,3,87569
41,5,472358
41,7,41951
41,9,56488
41,11,64737
41,13,24440
41,15,23769
41,17,216269
41,19,111910
41,21,1867
41,23,7380
41,25,7471
41,27,29789
41,29,242029
41,31,23671
41,33,87938
41,35,68039
41,37,7713
41,39,393613
41,41,50381
41,43,133825
41,45,27903
41,47,373195
41,49,12415
41,51,878434
41,53,87105
41,55,1900
41,57,28856
41,59,81073
41,61,28135
41,63,8251
41,65,27887
41,67,677120
41,69,1248
41,71,113656
42,1,126330
42,3,1465460
42,5,79080
42,7,203603
42,9,57788
42,11,503407
42,13,145789
42,15,71886
42,17,804160
42,19,232913
42,21,154333
42,23,5609
42,25,73887
42,27,144636
42,29,637499
42,31,41988
42,33,89985
42,35,42210
42,37,70789
42,39,95544
42,41,302952
42,43,330762
42,45,662392
42,47,39547
42,49,311836
42,51,148574
42,53,4979
42,55,192183
42,57,17460
42,59,38820
42,61,48431
42,63,89189
42,65,52568
42,67,29277
42,69,244275
42,71,677438
42,73,101077
42,75,172455
42,77,437394
42,79,373414
42,81,132392
42,83,46207
42,85,128657
42,87,55018
42,89,182829
42,91,1020124
42,93,21216
42,95,364736
42,97,104275
42,99,56754
42,101,1528635
42,103,63894
42,105,18944
42,107,163755
42,109,46409
42,111,86388
42,113,6827
42,115,47695
42,117,46491
42,119,43105
42,121,60216
42,123,45849
42,125,249735
42,127,58081
42,129,439521
42,131,32045
42,133,552539
44,1,57336
44,3,202620
44,5,94676
44,7,720719
44,9,149770
45,1,24392
45,3,179958
45,5,7673
45,7,213957
45,9,12964
45,11,21244
45,13,197673
45,15,221546
45,17,14837
45,19,419303
45,21,57062
45,23,33991
45,25,44818
45,27,32302
45,29,40423
45,31,68619
45,33,30913
45,35,164757
45,37,25578
45,39,22925
45,41,144632
45,43,69525
45,45,553788
45,47,71949
45,49,18981
45,51,356447
45,53,25687
45,55,70210
45,57,98377
45,59,66063
45,61,16466
45,63,314914
45,65,9097
45,67,31551
45,69,25546
45,71,40521
45,73,81448
45,75,86527
45,77,120050
45,79,406743
45,81,20649
45,83,336726
45,85,112732
45,87,27044
45,89,30428
45,91,298537
46,3,3448
46,5,21504
46,7,3091
46,9,6927
46,11,34259
46,13,45525
46,15,5957
46,17,1732
46,19,11466
46,21,1802
46,23,9646
46,25,4158
46,27,11758
46,29,33496
46,31,3172
46,33,9966
46,35,23191
46,37,6579
46,39,5382
46,41,6481
46,43,3591
46,45,4406
46,47,7714
46,49,2429
46,51,9242
46,53,5101
46,55,2470
46,57,7104
46,59,3994
46,61,5058
46,63,1617
46,65,21356
46,67,8534
46,69,1602
46,71,2731
46,73,2214
46,75,1188
46,77,6334
46,79,15523
46,81,28741
46,83,70649
46,85,3957
46,87,6743
46,89,2510
46,91,5044
46,93,31951
46,95,1800
46,97,2743
46,99,232912
46,101,7492
46,102,11739
46,103,128679
46,105,3488
46,107,2856
46,109,11386
46,111,2860
46,115,7156
46,117,3694
46,119,1768
46,121,7913
46,123,6593
46,125,10242
46,127,19583
46,129,6624
46,135,26102
46,137,1330
47,1,82010
47,3,52463
47,5,16397
47,7,11615
47,9,147210
47,11,113186
47,13,37530
47,15,14891
47,17,28670
47,19,55466
47,21,46386
47,23,16852
47,25,30618
47,27,7655
47,29,36619
47,31,59692
47,33,15471
47,35,65282
47,37,741539
47,39,11617
47,41,19999
47,43,58136
47,45,40176
47,47,46427
47,49,17765
47,51,44819
47,53,53357
47,55,31291
47,57,23265
47,59,73024
47,61,14298
47,63,66275
47,65,395393
47,67,5889
47,69,24283
47,71,26744
47,73,58023
47,75,19726
47,77,29473
47,79,34870
47,81,23731
47,83,8402
47,85,19937
47,87,10972
47,89,54223
47,91,15960
47,93,501755
47,95,5055
47,97,23843
47,99,44466
47,101,12298
47,103,38007
47,105,60062
47,107,54801
47,109,26304
47,111,24602
47,113,105836
47,115,30137
47,117,36615
47,119,105369
47,121,12300
47,123,46987
47,125,206931
47,127,6992
47,129,19387
47,131,33987
47,133,22772
47,135,7943
47,137,5275
47,139,17101
47,141,77516
47,143,33631
47,145,56796
47,147,82614
47,149,348903
47,151,21358
47,153,15231
47,155,106480
47,157,1045592
47,159,21321
47,161,13859
47,163,171297
47,165,207861
47,167,66915
47,169,8962
47,171,18072
47,173,18855
47,175,5850
47,177,42792
47,179,133315
47,181,14786
47,183,31456
47,185,27611
47,187,271575
47,189,159126
48,1,48531
48,3,19362
48,5,91241
48,7,22565
48,9,9647
48,11,2165
48,13,51916
48,15,33882
48,17,7006
48,19,22795
48,21,89609
48,23,3648
48,25,26294
48,27,356374
48,29,2127426
48,31,12554
48,33,714
48,35,19026
48,37,98365
48,39,384666
48,41,191630
48,43,9778
48,45,1573
48,47,7408
48,49,39068
48,51,19593
48,53,52587
48,55,43950
48,57,22649
48,59,14314
48,61,454787
48,63,13147
48,65,6307
48,67,31184
48,69,7759
48,71,47081
48,73,53386
48,75,5970
48,77,11196
48,79,2917
48,81,3354
48,83,8487
48,85,1099822
48,87,3090
48,89,23544
48,91,159643
48,93,14012
48,95,2348
48,97,45308
48,99,63648
48,101,1482
48,103,5259
48,105,3952
48,107,5921
48,109,2390
48,111,8367
48,113,2849048
48,115,12194
48,117,21423
48,119,5087
48,121,916263
48,123,19851
48,125,1882
48,127,10210
48,129,3219
48,131,11115
48,133,17982
48,135,171400
48,137,1944
48,139,198394
48,141,948843
48,143,37461
48,145,15648
48,147,33990
48,149,28249
48,151,3746
48,153,6200
48,155,1200
48,157,833360
48,159,10584
48,161,19612
48,163,16158
48,165,22480
48,167,356943
48,169,4616
48,171,31825
48,173,1617
48,175,7778
48,177,22697
48,179,22067
48,181,141851
48,183,134500
48,185,27688
48,187,179395
48,189,34136
48,191,2936
48,193,8606
48,195,6194
48,197,3816
48,199,60485
48,201,4927767
48,203,71447
48,205,4392
48,207,5044
48,209,214108
48,211,4484
48,213,80455
48,215,891893
48,217,36827
48,219,23777
48,221,62758
48,223,38896
48,225,20248
48,227,31670
48,229,5455
48,231,95818
48,233,22621
48,235,1732
48,237,8129
48,239,16509
48,241,35145
48,243,2343
48,245,257324
48,247,5293
48,249,42726
48,251,184828
48,253,15670
48,255,13876
48,257,138392
48,259,52576
48,261,353
48,263,801
48,265,57576
48,267,4742
48,269,308
48,271,3315
48,273,30676
48,275,3695
48,277,52783
48,279,13753
48,281,22248
48,283,6102
48,285,23030
48,287,19346
48,289,18673
48,291,81268
48,293,22729
48,295,3670
48,297,11298
48,299,20242
48,301,90
48,303,308149
48,305,6191
48,307,8617
48,309,265154
48,311,906
48,313,12753
48,315,9211
48,317,5678
48,319,4793
48,321,39790
48,323,72282
48,325,50466
48,327,2187
48,329,183991
48,331,26280
48,333,5156
48,335,7003
48,337,20794
48,339,611082
48,341,24712
48,343,12872
48,345,1212
48,347,61488
48,349,52318
48,351,12080
48,353,15694
48,355,366578
48,357,11721
48,359,2347
48,361,88440
48,363,28932
48,365,25040
48,367,150317
48,369,10907
48,371,15141
48,373,54755
48,375,119595
48,377,9697
48,379,10993
48,381,146499
48,383,3943
48,385,3728
48,387,12522
48,389,12382
48,391,7400
48,393,931
48,395,18315
48,397,108337
48,399,11114
48,401,52150
48,403,10262
48,405,7985
48,407,25023
48,409,74457
48,411,6000
48,413,2922
48,415,17249
48,417,3458
48,419,26409
48,421,2940
48,423,246074
48,425,9629
48,427,73229
48,429,8974
48,431,1455
48,433,1481
48,435,4369
48,437,7226
48,439,2295730
48,441,146091
48,443,862
48,445,12193
48,447,1481
48,449,36017
48,451,123947
48,453,1299009
48,455,13714
48,457,18550
48,459,40664
48,461,3633
48,463,30022
48,465,56004
48,467,56550
48,469,100484
48,471,53695
48,473,48272
48,475,12100
48,477,38705
48,479,313560
48,481,48095
48,483,5776
48,485,127897
48,487,13584
48,489,19676
48,491,619796
48,493,53446
48,495,7993
48,497,71726
48,499,45464
48,501,9876
48,503,19817
48,505,14274
48,507,11608
49,1,7608
49,3,62651
49,5,133635
49,7,20656
49,9,1053
49,11,396491
49,13,21466
49,15,10848
49,17,5429
49,19,11082
49,21,50997
49,23,12553
49,25,7772
49,27,14616
49,29,13880
49,31,1386
49,33,2610
49,35,1305119
49,37,12381
49,39,27549
49,41,22955
49,43,52884
49,45,74312
49,47,36338
49,49,651282
49,51,35568
49,53,177882
49,55,2847
49,57,282204
50,1,44382
50,3,43763
50,5,35678
50,7,194735
50,9,6737
50,11,60273
50,13,8871
50,15,31148
50,17,34863
50,19,32825
50,21,72949
50,23,72309
50,25,51917
50,27,69166
51,1,38243
51,3,117630
51,5,16951
51,7,15162
51,9,34362
51,11,17803
51,13,250178
51,15,86620
51,17,5196
51,19,90001
51,21,6313
51,23,40052
51,25,15304
51,27,19027
51,29,15650
51,31,60812
51,33,33322
51,35,30648
51,36,7869
51,37,12729
51,41,405870
51,43,16914
51,45,5558
51,47,56860
51,49,10164
51,51,12780
51,53,30903
51,57,12426
51,59,1332421
51,61,83506
51,63,17158
51,65,29879
51,67,60106
51,69,101664
51,71,18467
51,73,44197
51,75,27273
51,77,15183
51,79,22592
51,81,8235
51,83,37322
51,85,129186
51,87,376674
51,89,53830
51,91,2641
51,93,43176
51,95,88825
51,97,7354
51,99,28743
51,101,20441
51,103,13311
51,105,19916
51,107,485385
51,109,39967
51,111,11715
51,113,15448
51,115,10014
51,117,32545
51,119,11948
51,121,80987
51,125,17582
51,127,26258
51,131,13905
51,133,14110
51,135,14876
51,137,40490
51,139,26745
51,141,18363
51,143,67335
51,145,34243
51,147,18045
51,149,35770
51,153,535255
51,155,35045
51,157,8379
51,159,8478
51,161,111385
51,163,24456
51,165,95549
51,167,25174
51,169,20836
51,171,50478
51,173,30894
51,175,18331
51,177,151036
51,179,162880
51,181,7246
51,183,9697
51,185,39689
51,187,45219
51,191,55770
51,193,20099
51,195,34034
51,197,30841
51,199,75914
51,510,167141
51,520,15948
51,530,6227
51,540,40464
51,550,264406
51,570,19346
51,580,6366
51,590,41703
51,595,5493
51,600,27042
51,610,14951
51,620,8432
51,630,24947
51,640,6613
51,650,135583
51,660,39214
51,670,22767
51,678,4990
51,680,69991
51,683,46312
51,685,18380
51,690,13027
51,700,181887
51,710,209658
51,720,3798
51,730,29732
51,735,14503
51,740,94891
51,750,10628
51,760,198172
51,770,100437
51,775,26679
51,790,26039
51,800,97476
51,810,501157
51,820,24088
51,830,10216
51,840,28330
53,1,24163
53,3,23335
53,5,225998
53,7,94178
53,9,84070
53,11,560192
53,13,4102
53,15,117562
53,17,47884
53,19,6577
53,21,104804
53,23,2250
53,25,112559
53,27,73109
53,29,95123
53,31,37041
53,33,2607472
53,35,303322
53,37,43267
53,39,24695
53,41,85977
53,43,11717
53,45,65114
53,47,46067
53,49,23400
53,51,13073
53,53,986528
53,55,20002
53,57,145863
53,59,11844
53,61,934697
53,63,575136
53,65,46815
53,67,321851
53,69,4445
53,71,64616
53,73,245525
53,75,38096
53,77,299145
54,1,16079
54,3,132097
54,5,21363
54,7,13329
54,9,25647
54,11,92280
54,13,6407
54,15,8162
54,17,7174
54,19,41505
54,21,6041
54,23,13141
54,25,36653
54,27,24350
54,29,33931
54,31,16267
54,33,76032
54,35,31081
54,37,63955
54,39,201088
54,41,18566
54,43,19613
54,45,30933
54,47,14395
54,49,62150
54,51,34696
54,53,26605
54,55,59962
54,57,31366
54,59,21321
54,61,95851
54,63,13690
54,65,19193
54,67,25481
54,69,47229
54,71,8243
54,73,8069
54,75,8982
54,77,35257
54,79,64897
54,81,75957
54,83,29677
54,85,10218
54,87,13707
54,89,10726
54,91,17816
54,93,8116
54,95,9523
54,97,25050
54,99,39335
54,101,7788
54,103,16858
54,105,6005
54,107,95055
54,109,18624
55,1,21560
55,3,17493
55,5,56213
55,7,18510
55,9,324947
55,11,16443
55,13,18717
55,15,62618
55,17,76864
55,19,40952
55,21,71615
55,23,19148
55,25,649537
55,27,103411
55,29,37522
55,31,48717
55,33,47652
55,35,115061
55,37,5293
55,39,125264
55,41,10492
55,43,56695
55,45,47026
55,47,22836
55,49,29784
55,51,7211
55,53,22771
55,55,100718
55,57,29651
55,59,196331
55,61,25377
55,63,135269
55,65,20921
55,67,23332
55,69,34622
55,71,98997
55,73,170428
55,75,48227
55,77,18409
55,78,4542
55,79,1046923
55,81,53511
55,83,46207
55,85,46396
55,87,231148
55,89,114459
55,91,8896
55,93,46253
55,95,53509
55,97,82124
55,99,16902
55,101,234996
55,103,19927
55,105,195034
55,107,16273
55,109,111114
55,111,80121
55,113,19834
55,115,48388
55,117,145528
55,119,23713
55,121,38682
55,123,35282
55,125,26641
55,127,119019
55,129,19842
55,131,173771
55,133,516735
55,135,61463
55,137,27695
55,139,198884
55,141,91651
56,1,34363
56,3,13018
56,5,53792
56,7,16688
56,9,15706
56,11,8562
56,13,42980
56,15,13629
56,17,5106
56,19,9909
56,21,114276
56,23,21769
56,25,90159
56,27,2609
56,29,35509
56,31,10193
56,33,35756
56,35,10174
56,37,50399
56,39,31954
56,41,24328
56,43,9250
56,45,7794
